{
  "contacts": [
    {
      "name": "Daisey Johnson",
      "profile_pic": "http://orig10.deviantart.net/a509/f/2011/295/1/d/profile_picture_by_lady_rara-d4dmrmn.jpg"
    },
    {
      "name": "Tim Hankock",
      "profile_pic": "https://img.rt.com/files/2015.10/original/561d170bc3618814658b4581.jpg"
    },
    {
      "name": "Avishek Prasad",
      "profile_pic": "https://media.licdn.com/mpr/mpr/shrinknp_400_400/AAEAAQAAAAAAAAeVAAAAJGEyYmI3MDUyLWIzNzctNGQyYi1iYmIzLWNiMDY5NGJlNzZhZA.jpg"
    },
    {
      "name": "Daisey Johnson",
      "profile_pic": "http://orig10.deviantart.net/a509/f/2011/295/1/d/profile_picture_by_lady_rara-d4dmrmn.jpg"
    },
    {
      "name": "Tim Hankock",
      "profile_pic": "https://img.rt.com/files/2015.10/original/561d170bc3618814658b4581.jpg"
    },
    {
      "name": "Avishek Prasad",
      "profile_pic": "https://media.licdn.com/mpr/mpr/shrinknp_400_400/AAEAAQAAAAAAAAeVAAAAJGEyYmI3MDUyLWIzNzctNGQyYi1iYmIzLWNiMDY5NGJlNzZhZA.jpg"
    },
    {
      "name": "Daisey Johnson",
      "profile_pic": "http://orig10.deviantart.net/a509/f/2011/295/1/d/profile_picture_by_lady_rara-d4dmrmn.jpg"
    },
    {
      "name": "Tim Hankock",
      "profile_pic": "https://img.rt.com/files/2015.10/original/561d170bc3618814658b4581.jpg"
    },
    {
      "name": "Avishek Prasad",
      "profile_pic": "https://media.licdn.com/mpr/mpr/shrinknp_400_400/AAEAAQAAAAAAAAeVAAAAJGEyYmI3MDUyLWIzNzctNGQyYi1iYmIzLWNiMDY5NGJlNzZhZA.jpg"
    },
    {
      "name": "Daisey Johnson",
      "profile_pic": "http://orig10.deviantart.net/a509/f/2011/295/1/d/profile_picture_by_lady_rara-d4dmrmn.jpg"
    },
    {
      "name": "Tim Hankock",
      "profile_pic": "https://img.rt.com/files/2015.10/original/561d170bc3618814658b4581.jpg"
    },
    {
      "name": "Avishek Prasad",
      "profile_pic": "https://media.licdn.com/mpr/mpr/shrinknp_400_400/AAEAAQAAAAAAAAeVAAAAJGEyYmI3MDUyLWIzNzctNGQyYi1iYmIzLWNiMDY5NGJlNzZhZA.jpg"
    },
    {
      "name": "Daisey Johnson",
      "profile_pic": "http://orig10.deviantart.net/a509/f/2011/295/1/d/profile_picture_by_lady_rara-d4dmrmn.jpg"
    },
    {
      "name": "Tim Hankock",
      "profile_pic": "https://img.rt.com/files/2015.10/original/561d170bc3618814658b4581.jpg"
    },
    {
      "name": "Avishek Prasad",
      "profile_pic": "https://media.licdn.com/mpr/mpr/shrinknp_400_400/AAEAAQAAAAAAAAeVAAAAJGEyYmI3MDUyLWIzNzctNGQyYi1iYmIzLWNiMDY5NGJlNzZhZA.jpg"
    }
  ]
}