{
  "feeds": [
    {
      "name": "Tim Hankock",
      "profile_pic": "https://media.licdn.com/mpr/mpr/shrinknp_100_100/p/6/005/07c/31e/153cdd3.jpg",
      "description": "The crew of the colony ship Covenant discover what they think is an uncharted paradise, but it is actually a dark, dangerous world, whose sole inhabitant is the synthetic David, survivor of the doomed Prometheus expedition.",
      "post_pic": "https://img.rt.com/files/2015.10/original/561d170bc3618814658b4581.jpg"
    },
    {
      "name": "Avishek Prasad",
      "profile_pic": "https://media.licdn.com/mpr/mpr/shrinknp_400_400/AAEAAQAAAAAAAAeVAAAAJGEyYmI3MDUyLWIzNzctNGQyYi1iYmIzLWNiMDY5NGJlNzZhZA.jpg",
      "description": "The crew of the colony ship Covenant discover what they think is an uncharted paradise, but it is actually a dark, dangerous world, whose sole inhabitant is the synthetic David, survivor of the doomed Prometheus expedition.",
      "post_pic": "http://humanlibrary.org/wp-content/uploads/2016/02/Human-Library-Perth-Book-Depot2.jpg"
    },
    {
      "name": "Daisey Johnson",
      "profile_pic": "http://orig10.deviantart.net/a509/f/2011/295/1/d/profile_picture_by_lady_rara-d4dmrmn.jpg",
      "description": "The crew of the colony ship Covenant discover what they think is an uncharted paradise, but it is actually a dark, dangerous world, whose sole inhabitant is the synthetic David, survivor of the doomed Prometheus expedition.",
      "post_pic": "http://www.antropus.com/artblog/wp-content/gallery/tribal-old-lady/triballady.jpg"
    },
    {
      "name": "Tim Hankock",
      "profile_pic": "https://media.licdn.com/mpr/mpr/shrinknp_100_100/p/6/005/07c/31e/153cdd3.jpg",
      "description": "The crew of the colony ship Covenant discover what they think is an uncharted paradise, but it is actually a dark, dangerous world, whose sole inhabitant is the synthetic David, survivor of the doomed Prometheus expedition.",
      "post_pic": "https://img.rt.com/files/2015.10/original/561d170bc3618814658b4581.jpg"
    },
    {
      "name": "Avishek Prasad",
      "profile_pic": "https://media.licdn.com/mpr/mpr/shrinknp_400_400/AAEAAQAAAAAAAAeVAAAAJGEyYmI3MDUyLWIzNzctNGQyYi1iYmIzLWNiMDY5NGJlNzZhZA.jpg",
      "description": "The crew of the colony ship Covenant discover what they think is an uncharted paradise, but it is actually a dark, dangerous world, whose sole inhabitant is the synthetic David, survivor of the doomed Prometheus expedition.",
      "post_pic": "http://humanlibrary.org/wp-content/uploads/2016/02/Human-Library-Perth-Book-Depot2.jpg"
    },
    {
      "name": "Daisey Johnson",
      "profile_pic": "http://orig10.deviantart.net/a509/f/2011/295/1/d/profile_picture_by_lady_rara-d4dmrmn.jpg",
      "description": "The crew of the colony ship Covenant discover what they think is an uncharted paradise, but it is actually a dark, dangerous world, whose sole inhabitant is the synthetic David, survivor of the doomed Prometheus expedition.",
      "post_pic": "http://www.antropus.com/artblog/wp-content/gallery/tribal-old-lady/triballady.jpg"
    },
    {
      "name": "Tim Hankock",
      "profile_pic": "https://media.licdn.com/mpr/mpr/shrinknp_100_100/p/6/005/07c/31e/153cdd3.jpg",
      "description": "The crew of the colony ship Covenant discover what they think is an uncharted paradise, but it is actually a dark, dangerous world, whose sole inhabitant is the synthetic David, survivor of the doomed Prometheus expedition.",
      "post_pic": "https://img.rt.com/files/2015.10/original/561d170bc3618814658b4581.jpg"
    },
    {
      "name": "Avishek Prasad",
      "profile_pic": "https://media.licdn.com/mpr/mpr/shrinknp_400_400/AAEAAQAAAAAAAAeVAAAAJGEyYmI3MDUyLWIzNzctNGQyYi1iYmIzLWNiMDY5NGJlNzZhZA.jpg",
      "description": "The crew of the colony ship Covenant discover what they think is an uncharted paradise, but it is actually a dark, dangerous world, whose sole inhabitant is the synthetic David, survivor of the doomed Prometheus expedition.",
      "post_pic": "http://humanlibrary.org/wp-content/uploads/2016/02/Human-Library-Perth-Book-Depot2.jpg"
    },
    {
      "name": "Daisey Johnson",
      "profile_pic": "http://orig10.deviantart.net/a509/f/2011/295/1/d/profile_picture_by_lady_rara-d4dmrmn.jpg",
      "description": "The crew of the colony ship Covenant discover what they think is an uncharted paradise, but it is actually a dark, dangerous world, whose sole inhabitant is the synthetic David, survivor of the doomed Prometheus expedition.",
      "post_pic": "http://www.antropus.com/artblog/wp-content/gallery/tribal-old-lady/triballady.jpg"
    },
    {
      "name": "Tim Hankock",
      "profile_pic": "https://media.licdn.com/mpr/mpr/shrinknp_100_100/p/6/005/07c/31e/153cdd3.jpg",
      "description": "The crew of the colony ship Covenant discover what they think is an uncharted paradise, but it is actually a dark, dangerous world, whose sole inhabitant is the synthetic David, survivor of the doomed Prometheus expedition.",
      "post_pic": "https://img.rt.com/files/2015.10/original/561d170bc3618814658b4581.jpg"
    },
    {
      "name": "Avishek Prasad",
      "profile_pic": "https://media.licdn.com/mpr/mpr/shrinknp_400_400/AAEAAQAAAAAAAAeVAAAAJGEyYmI3MDUyLWIzNzctNGQyYi1iYmIzLWNiMDY5NGJlNzZhZA.jpg",
      "description": "The crew of the colony ship Covenant discover what they think is an uncharted paradise, but it is actually a dark, dangerous world, whose sole inhabitant is the synthetic David, survivor of the doomed Prometheus expedition.",
      "post_pic": "http://humanlibrary.org/wp-content/uploads/2016/02/Human-Library-Perth-Book-Depot2.jpg"
    },
    {
      "name": "Daisey Johnson",
      "profile_pic": "http://orig10.deviantart.net/a509/f/2011/295/1/d/profile_picture_by_lady_rara-d4dmrmn.jpg",
      "description": "The crew of the colony ship Covenant discover what they think is an uncharted paradise, but it is actually a dark, dangerous world, whose sole inhabitant is the synthetic David, survivor of the doomed Prometheus expedition.",
      "post_pic": "http://www.antropus.com/artblog/wp-content/gallery/tribal-old-lady/triballady.jpg"
    }
  ]
}